BSM,85,{"metadata":{"bsmSource":"RV","logFileName":"","recordType":"bsmTx","securityResultCode":"success","receivedMessageDetails":{"locationData":{"latitude":"","longitude":"","elevation":"","speed":"","heading":""},"rxSource":"RV"},"payloadType":"us.dot.its.jpo.ode.model.OdeMessageFramePayload","serialId":{"streamId":"","bundleSize":1,"bundleId":0,"recordId":0,"serialNumber":0},"odeReceivedAt":"@ISO_DATE_TIME@","schemaVersion":6,"maxDurationTime":0,"recordGeneratedAt":"","sanitized":false,"odePacketID":"","odeTimStartDateTime":"","originIp":"10.11.81.28"},"payload":{"data":{"messageId":20,"value":{"BasicSafetyMessage":{"coreData":{"msgCnt":56,"id":"@TEMP_ID@","secMark":"@MILLI_OF_MINUTE@","lat":396447970,"long":-1050816018,"elev":0,"accuracy":{"semiMajor":0,"semiMinor":0,"orientation":0},"transmission":"unavailable","speed":1121,"heading":14440,"angle":0,"accelSet":{"long":0,"lat":0,"vert":0,"yaw":0},"brakes":{"wheelBrakes":"80","traction":"unavailable","abs":"off","scs":"unavailable","brakeBoost":"unavailable","auxBrakes":"unavailable"},"size":{"width":0,"length":0}}}}},"dataType":"us.dot.its.jpo.asn.j2735.r2024.BasicSafetyMessage.BasicSafetyMessageMessageFrame"}}
BSM,194,{"metadata":{"bsmSource":"RV","logFileName":"","recordType":"bsmTx","securityResultCode":"success","receivedMessageDetails":{"locationData":{"latitude":"","longitude":"","elevation":"","speed":"","heading":""},"rxSource":"RV"},"payloadType":"us.dot.its.jpo.ode.model.OdeMessageFramePayload","serialId":{"streamId":"","bundleSize":1,"bundleId":0,"recordId":0,"serialNumber":0},"odeReceivedAt":"@ISO_DATE_TIME@","schemaVersion":6,"maxDurationTime":0,"recordGeneratedAt":"","sanitized":false,"odePacketID":"","odeTimStartDateTime":"","originIp":"10.11.81.28"},"payload":{"data":{"messageId":20,"value":{"BasicSafetyMessage":{"coreData":{"msgCnt":57,"id":"@TEMP_ID@","secMark":"@MILLI_OF_MINUTE@","lat":396447768,"long":-1050816020,"elev":0,"accuracy":{"semiMajor":0,"semiMinor":0,"orientation":0},"transmission":"unavailable","speed":1121,"heading":14432,"angle":0,"accelSet":{"long":0,"lat":0,"vert":0,"yaw":0},"brakes":{"wheelBrakes":"80","traction":"unavailable","abs":"off","scs":"unavailable","brakeBoost":"unavailable","auxBrakes":"unavailable"},"size":{"width":0,"length":0}}}}},"dataType":"us.dot.its.jpo.asn.j2735.r2024.BasicSafetyMessage.BasicSafetyMessageMessageFrame"}}
BSM,301,{"metadata":{"bsmSource":"RV","logFileName":"","recordType":"bsmTx","securityResultCode":"success","receivedMessageDetails":{"locationData":{"latitude":"","longitude":"","elevation":"","speed":"","heading":""},"rxSource":"RV"},"payloadType":"us.dot.its.jpo.ode.model.OdeMessageFramePayload","serialId":{"streamId":"","bundleSize":1,"bundleId":0,"recordId":0,"serialNumber":0},"odeReceivedAt":"@ISO_DATE_TIME@","schemaVersion":6,"maxDurationTime":0,"recordGeneratedAt":"","sanitized":false,"odePacketID":"","odeTimStartDateTime":"","originIp":"10.11.81.28"},"payload":{"data":{"messageId":20,"value":{"BasicSafetyMessage":{"coreData":{"msgCnt":59,"id":"@TEMP_ID@","secMark":"@MILLI_OF_MINUTE@","lat":396447358,"long":-1050816024,"elev":0,"accuracy":{"semiMajor":0,"semiMinor":0,"orientation":0},"transmission":"unavailable","speed":1124,"heading":14448,"angle":0,"accelSet":{"long":0,"lat":0,"vert":0,"yaw":0},"brakes":{"wheelBrakes":"80","traction":"unavailable","abs":"off","scs":"unavailable","brakeBoost":"unavailable","auxBrakes":"unavailable"},"size":{"width":0,"length":0}}}}},"dataType":"us.dot.its.jpo.asn.j2735.r2024.BasicSafetyMessage.BasicSafetyMessageMessageFrame"}}
BSM,409,{"metadata":{"bsmSource":"RV","logFileName":"","recordType":"bsmTx","securityResultCode":"success","receivedMessageDetails":{"locationData":{"latitude":"","longitude":"","elevation":"","speed":"","heading":""},"rxSource":"RV"},"payloadType":"us.dot.its.jpo.ode.model.OdeMessageFramePayload","serialId":{"streamId":"","bundleSize":1,"bundleId":0,"recordId":0,"serialNumber":0},"odeReceivedAt":"@ISO_DATE_TIME@","schemaVersion":6,"maxDurationTime":0,"recordGeneratedAt":"","sanitized":false,"odePacketID":"","odeTimStartDateTime":"","originIp":"10.11.81.28"},"payload":{"data":{"messageId":20,"value":{"BasicSafetyMessage":{"coreData":{"msgCnt":60,"id":"@TEMP_ID@","secMark":"@MILLI_OF_MINUTE@","lat":396447159,"long":-1050816026,"elev":0,"accuracy":{"semiMajor":0,"semiMinor":0,"orientation":0},"transmission":"unavailable","speed":1128,"heading":14440,"angle":0,"accelSet":{"long":0,"lat":0,"vert":0,"yaw":0},"brakes":{"wheelBrakes":"80","traction":"unavailable","abs":"off","scs":"unavailable","brakeBoost":"unavailable","auxBrakes":"unavailable"},"size":{"width":0,"length":0}}}}},"dataType":"us.dot.its.jpo.asn.j2735.r2024.BasicSafetyMessage.BasicSafetyMessageMessageFrame"}}
BSM,517,{"metadata":{"bsmSource":"RV","logFileName":"","recordType":"bsmTx","securityResultCode":"success","receivedMessageDetails":{"locationData":{"latitude":"","longitude":"","elevation":"","speed":"","heading":""},"rxSource":"RV"},"payloadType":"us.dot.its.jpo.ode.model.OdeMessageFramePayload","serialId":{"streamId":"","bundleSize":1,"bundleId":0,"recordId":0,"serialNumber":0},"odeReceivedAt":"@ISO_DATE_TIME@","schemaVersion":6,"maxDurationTime":0,"recordGeneratedAt":"","sanitized":false,"odePacketID":"","odeTimStartDateTime":"","originIp":"10.11.81.28"},"payload":{"data":{"messageId":20,"value":{"BasicSafetyMessage":{"coreData":{"msgCnt":62,"id":"@TEMP_ID@","secMark":"@MILLI_OF_MINUTE@","lat":396446751,"long":-1050816029,"elev":0,"accuracy":{"semiMajor":0,"semiMinor":0,"orientation":0},"transmission":"unavailable","speed":1128,"heading":14432,"angle":0,"accelSet":{"long":0,"lat":0,"vert":0,"yaw":0},"brakes":{"wheelBrakes":"80","traction":"unavailable","abs":"off","scs":"unavailable","brakeBoost":"unavailable","auxBrakes":"unavailable"},"size":{"width":0,"length":0}}}}},"dataType":"us.dot.its.jpo.asn.j2735.r2024.BasicSafetyMessage.BasicSafetyMessageMessageFrame"}}
BSM,624,{"metadata":{"bsmSource":"RV","logFileName":"","recordType":"bsmTx","securityResultCode":"success","receivedMessageDetails":{"locationData":{"latitude":"","longitude":"","elevation":"","speed":"","heading":""},"rxSource":"RV"},"payloadType":"us.dot.its.jpo.ode.model.OdeMessageFramePayload","serialId":{"streamId":"","bundleSize":1,"bundleId":0,"recordId":0,"serialNumber":0},"odeReceivedAt":"@ISO_DATE_TIME@","schemaVersion":6,"maxDurationTime":0,"recordGeneratedAt":"","sanitized":false,"odePacketID":"","odeTimStartDateTime":"","originIp":"10.11.81.28"},"payload":{"data":{"messageId":20,"value":{"BasicSafetyMessage":{"coreData":{"msgCnt":64,"id":"@TEMP_ID@","secMark":"@MILLI_OF_MINUTE@","lat":396446340,"long":-1050816035,"elev":0,"accuracy":{"semiMajor":0,"semiMinor":0,"orientation":0},"transmission":"unavailable","speed":1135,"heading":14440,"angle":0,"accelSet":{"long":0,"lat":0,"vert":0,"yaw":0},"brakes":{"wheelBrakes":"80","traction":"unavailable","abs":"off","scs":"unavailable","brakeBoost":"unavailable","auxBrakes":"unavailable"},"size":{"width":0,"length":0}}}}},"dataType":"us.dot.its.jpo.asn.j2735.r2024.BasicSafetyMessage.BasicSafetyMessageMessageFrame"}}
BSM,732,{"metadata":{"bsmSource":"RV","logFileName":"","recordType":"bsmTx","securityResultCode":"success","receivedMessageDetails":{"locationData":{"latitude":"","longitude":"","elevation":"","speed":"","heading":""},"rxSource":"RV"},"payloadType":"us.dot.its.jpo.ode.model.OdeMessageFramePayload","serialId":{"streamId":"","bundleSize":1,"bundleId":0,"recordId":0,"serialNumber":0},"odeReceivedAt":"@ISO_DATE_TIME@","schemaVersion":6,"maxDurationTime":0,"recordGeneratedAt":"","sanitized":false,"odePacketID":"","odeTimStartDateTime":"","originIp":"10.11.81.28"},"payload":{"data":{"messageId":20,"value":{"BasicSafetyMessage":{"coreData":{"msgCnt":65,"id":"@TEMP_ID@","secMark":"@MILLI_OF_MINUTE@","lat":396446340,"long":-1050816035,"elev":0,"accuracy":{"semiMajor":0,"semiMinor":0,"orientation":0},"transmission":"unavailable","speed":1135,"heading":14440,"angle":0,"accelSet":{"long":0,"lat":0,"vert":0,"yaw":0},"brakes":{"wheelBrakes":"80","traction":"unavailable","abs":"off","scs":"unavailable","brakeBoost":"unavailable","auxBrakes":"unavailable"},"size":{"width":0,"length":0}}}}},"dataType":"us.dot.its.jpo.asn.j2735.r2024.BasicSafetyMessage.BasicSafetyMessageMessageFrame"}}
BSM,839,{"metadata":{"bsmSource":"RV","logFileName":"","recordType":"bsmTx","securityResultCode":"success","receivedMessageDetails":{"locationData":{"latitude":"","longitude":"","elevation":"","speed":"","heading":""},"rxSource":"RV"},"payloadType":"us.dot.its.jpo.ode.model.OdeMessageFramePayload","serialId":{"streamId":"","bundleSize":1,"bundleId":0,"recordId":0,"serialNumber":0},"odeReceivedAt":"@ISO_DATE_TIME@","schemaVersion":6,"maxDurationTime":0,"recordGeneratedAt":"","sanitized":false,"odePacketID":"","odeTimStartDateTime":"","originIp":"10.11.81.28"},"payload":{"data":{"messageId":20,"value":{"BasicSafetyMessage":{"coreData":{"msgCnt":67,"id":"@TEMP_ID@","secMark":"@MILLI_OF_MINUTE@","lat":396445732,"long":-1050816042,"elev":0,"accuracy":{"semiMajor":0,"semiMinor":0,"orientation":0},"transmission":"unavailable","speed":1134,"heading":14448,"angle":0,"accelSet":{"long":0,"lat":0,"vert":0,"yaw":0},"brakes":{"wheelBrakes":"80","traction":"unavailable","abs":"off","scs":"unavailable","brakeBoost":"unavailable","auxBrakes":"unavailable"},"size":{"width":0,"length":0}}}}},"dataType":"us.dot.its.jpo.asn.j2735.r2024.BasicSafetyMessage.BasicSafetyMessageMessageFrame"}}
BSM,948,{"metadata":{"bsmSource":"RV","logFileName":"","recordType":"bsmTx","securityResultCode":"success","receivedMessageDetails":{"locationData":{"latitude":"","longitude":"","elevation":"","speed":"","heading":""},"rxSource":"RV"},"payloadType":"us.dot.its.jpo.ode.model.OdeMessageFramePayload","serialId":{"streamId":"","bundleSize":1,"bundleId":0,"recordId":0,"serialNumber":0},"odeReceivedAt":"@ISO_DATE_TIME@","schemaVersion":6,"maxDurationTime":0,"recordGeneratedAt":"","sanitized":false,"odePacketID":"","odeTimStartDateTime":"","originIp":"10.11.81.28"},"payload":{"data":{"messageId":20,"value":{"BasicSafetyMessage":{"coreData":{"msgCnt":69,"id":"@TEMP_ID@","secMark":"@MILLI_OF_MINUTE@","lat":396445529,"long":-1050816044,"elev":0,"accuracy":{"semiMajor":0,"semiMinor":0,"orientation":0},"transmission":"unavailable","speed":1136,"heading":14440,"angle":0,"accelSet":{"long":0,"lat":0,"vert":0,"yaw":0},"brakes":{"wheelBrakes":"80","traction":"unavailable","abs":"off","scs":"unavailable","brakeBoost":"unavailable","auxBrakes":"unavailable"},"size":{"width":0,"length":0}}}}},"dataType":"us.dot.its.jpo.asn.j2735.r2024.BasicSafetyMessage.BasicSafetyMessageMessageFrame"}}
BSM,1056,{"metadata":{"bsmSource":"RV","logFileName":"","recordType":"bsmTx","securityResultCode":"success","receivedMessageDetails":{"locationData":{"latitude":"","longitude":"","elevation":"","speed":"","heading":""},"rxSource":"RV"},"payloadType":"us.dot.its.jpo.ode.model.OdeMessageFramePayload","serialId":{"streamId":"","bundleSize":1,"bundleId":0,"recordId":0,"serialNumber":0},"odeReceivedAt":"@ISO_DATE_TIME@","schemaVersion":6,"maxDurationTime":0,"recordGeneratedAt":"","sanitized":false,"odePacketID":"","odeTimStartDateTime":"","originIp":"10.11.81.28"},"payload":{"data":{"messageId":20,"value":{"BasicSafetyMessage":{"coreData":{"msgCnt":70,"id":"@TEMP_ID@","secMark":"@MILLI_OF_MINUTE@","lat":396445323,"long":-1050816047,"elev":0,"accuracy":{"semiMajor":0,"semiMinor":0,"orientation":0},"transmission":"unavailable","speed":1135,"heading":14448,"angle":0,"accelSet":{"long":0,"lat":0,"vert":0,"yaw":0},"brakes":{"wheelBrakes":"80","traction":"unavailable","abs":"off","scs":"unavailable","brakeBoost":"unavailable","auxBrakes":"unavailable"},"size":{"width":0,"length":0}}}}},"dataType":"us.dot.its.jpo.asn.j2735.r2024.BasicSafetyMessage.BasicSafetyMessageMessageFrame"}}
BSM,1163,{"metadata":{"bsmSource":"RV","logFileName":"","recordType":"bsmTx","securityResultCode":"success","receivedMessageDetails":{"locationData":{"latitude":"","longitude":"","elevation":"","speed":"","heading":""},"rxSource":"RV"},"payloadType":"us.dot.its.jpo.ode.model.OdeMessageFramePayload","serialId":{"streamId":"","bundleSize":1,"bundleId":0,"recordId":0,"serialNumber":0},"odeReceivedAt":"@ISO_DATE_TIME@","schemaVersion":6,"maxDurationTime":0,"recordGeneratedAt":"","sanitized":false,"odePacketID":"","odeTimStartDateTime":"","originIp":"10.11.81.28"},"payload":{"data":{"messageId":20,"value":{"BasicSafetyMessage":{"coreData":{"msgCnt":74,"id":"@TEMP_ID@","secMark":"@MILLI_OF_MINUTE@","lat":396444502,"long":-1050816050,"elev":0,"accuracy":{"semiMajor":0,"semiMinor":0,"orientation":0},"transmission":"unavailable","speed":1139,"heading":14424,"angle":0,"accelSet":{"long":0,"lat":0,"vert":0,"yaw":0},"brakes":{"wheelBrakes":"80","traction":"unavailable","abs":"off","scs":"unavailable","brakeBoost":"unavailable","auxBrakes":"unavailable"},"size":{"width":0,"length":0}}}}},"dataType":"us.dot.its.jpo.asn.j2735.r2024.BasicSafetyMessage.BasicSafetyMessageMessageFrame"}}
BSM,1270,{"metadata":{"bsmSource":"RV","logFileName":"","recordType":"bsmTx","securityResultCode":"success","receivedMessageDetails":{"locationData":{"latitude":"","longitude":"","elevation":"","speed":"","heading":""},"rxSource":"RV"},"payloadType":"us.dot.its.jpo.ode.model.OdeMessageFramePayload","serialId":{"streamId":"","bundleSize":1,"bundleId":0,"recordId":0,"serialNumber":0},"odeReceivedAt":"@ISO_DATE_TIME@","schemaVersion":6,"maxDurationTime":0,"recordGeneratedAt":"","sanitized":false,"odePacketID":"","odeTimStartDateTime":"","originIp":"10.11.81.28"},"payload":{"data":{"messageId":20,"value":{"BasicSafetyMessage":{"coreData":{"msgCnt":75,"id":"@TEMP_ID@","secMark":"@MILLI_OF_MINUTE@","lat":396444295,"long":-1050816053,"elev":0,"accuracy":{"semiMajor":0,"semiMinor":0,"orientation":0},"transmission":"unavailable","speed":1145,"heading":14432,"angle":0,"accelSet":{"long":0,"lat":0,"vert":0,"yaw":0},"brakes":{"wheelBrakes":"80","traction":"unavailable","abs":"off","scs":"unavailable","brakeBoost":"unavailable","auxBrakes":"unavailable"},"size":{"width":0,"length":0}}}}},"dataType":"us.dot.its.jpo.asn.j2735.r2024.BasicSafetyMessage.BasicSafetyMessageMessageFrame"}}
BSM,1377,{"metadata":{"bsmSource":"RV","logFileName":"","recordType":"bsmTx","securityResultCode":"success","receivedMessageDetails":{"locationData":{"latitude":"","longitude":"","elevation":"","speed":"","heading":""},"rxSource":"RV"},"payloadType":"us.dot.its.jpo.ode.model.OdeMessageFramePayload","serialId":{"streamId":"","bundleSize":1,"bundleId":0,"recordId":0,"serialNumber":0},"odeReceivedAt":"@ISO_DATE_TIME@","schemaVersion":6,"maxDurationTime":0,"recordGeneratedAt":"","sanitized":false,"odePacketID":"","odeTimStartDateTime":"","originIp":"10.11.81.28"},"payload":{"data":{"messageId":20,"value":{"BasicSafetyMessage":{"coreData":{"msgCnt":79,"id":"@TEMP_ID@","secMark":"@MILLI_OF_MINUTE@","lat":396443677,"long":-1050816059,"elev":0,"accuracy":{"semiMajor":0,"semiMinor":0,"orientation":0},"transmission":"unavailable","speed":1146,"heading":14432,"angle":0,"accelSet":{"long":0,"lat":0,"vert":0,"yaw":0},"brakes":{"wheelBrakes":"80","traction":"unavailable","abs":"off","scs":"unavailable","brakeBoost":"unavailable","auxBrakes":"unavailable"},"size":{"width":0,"length":0}}}}},"dataType":"us.dot.its.jpo.asn.j2735.r2024.BasicSafetyMessage.BasicSafetyMessageMessageFrame"}}
BSM,1485,{"metadata":{"bsmSource":"RV","logFileName":"","recordType":"bsmTx","securityResultCode":"success","receivedMessageDetails":{"locationData":{"latitude":"","longitude":"","elevation":"","speed":"","heading":""},"rxSource":"RV"},"payloadType":"us.dot.its.jpo.ode.model.OdeMessageFramePayload","serialId":{"streamId":"","bundleSize":1,"bundleId":0,"recordId":0,"serialNumber":0},"odeReceivedAt":"@ISO_DATE_TIME@","schemaVersion":6,"maxDurationTime":0,"recordGeneratedAt":"","sanitized":false,"odePacketID":"","odeTimStartDateTime":"","originIp":"10.11.81.28"},"payload":{"data":{"messageId":20,"value":{"BasicSafetyMessage":{"coreData":{"msgCnt":80,"id":"@TEMP_ID@","secMark":"@MILLI_OF_MINUTE@","lat":396443469,"long":-1050816061,"elev":0,"accuracy":{"semiMajor":0,"semiMinor":0,"orientation":0},"transmission":"unavailable","speed":1150,"heading":14432,"angle":0,"accelSet":{"long":0,"lat":0,"vert":0,"yaw":0},"brakes":{"wheelBrakes":"80","traction":"unavailable","abs":"off","scs":"unavailable","brakeBoost":"unavailable","auxBrakes":"unavailable"},"size":{"width":0,"length":0}}}}},"dataType":"us.dot.its.jpo.asn.j2735.r2024.BasicSafetyMessage.BasicSafetyMessageMessageFrame"}}
BSM,1592,{"metadata":{"bsmSource":"RV","logFileName":"","recordType":"bsmTx","securityResultCode":"success","receivedMessageDetails":{"locationData":{"latitude":"","longitude":"","elevation":"","speed":"","heading":""},"rxSource":"RV"},"payloadType":"us.dot.its.jpo.ode.model.OdeMessageFramePayload","serialId":{"streamId":"","bundleSize":1,"bundleId":0,"recordId":0,"serialNumber":0},"odeReceivedAt":"@ISO_DATE_TIME@","schemaVersion":6,"maxDurationTime":0,"recordGeneratedAt":"","sanitized":false,"odePacketID":"","odeTimStartDateTime":"","originIp":"10.11.81.28"},"payload":{"data":{"messageId":20,"value":{"BasicSafetyMessage":{"coreData":{"msgCnt":81,"id":"@TEMP_ID@","secMark":"@MILLI_OF_MINUTE@","lat":396443266,"long":-1050816063,"elev":0,"accuracy":{"semiMajor":0,"semiMinor":0,"orientation":0},"transmission":"unavailable","speed":1145,"heading":14432,"angle":0,"accelSet":{"long":0,"lat":0,"vert":0,"yaw":0},"brakes":{"wheelBrakes":"80","traction":"unavailable","abs":"off","scs":"unavailable","brakeBoost":"unavailable","auxBrakes":"unavailable"},"size":{"width":0,"length":0}}}}},"dataType":"us.dot.its.jpo.asn.j2735.r2024.BasicSafetyMessage.BasicSafetyMessageMessageFrame"}}
BSM,1699,{"metadata":{"bsmSource":"RV","logFileName":"","recordType":"bsmTx","securityResultCode":"success","receivedMessageDetails":{"locationData":{"latitude":"","longitude":"","elevation":"","speed":"","heading":""},"rxSource":"RV"},"payloadType":"us.dot.its.jpo.ode.model.OdeMessageFramePayload","serialId":{"streamId":"","bundleSize":1,"bundleId":0,"recordId":0,"serialNumber":0},"odeReceivedAt":"@ISO_DATE_TIME@","schemaVersion":6,"maxDurationTime":0,"recordGeneratedAt":"","sanitized":false,"odePacketID":"","odeTimStartDateTime":"","originIp":"10.11.81.28"},"payload":{"data":{"messageId":20,"value":{"BasicSafetyMessage":{"coreData":{"msgCnt":82,"id":"@TEMP_ID@","secMark":"@MILLI_OF_MINUTE@","lat":396443056,"long":-1050816066,"elev":0,"accuracy":{"semiMajor":0,"semiMinor":0,"orientation":0},"transmission":"unavailable","speed":1150,"heading":14448,"angle":0,"accelSet":{"long":0,"lat":0,"vert":0,"yaw":0},"brakes":{"wheelBrakes":"80","traction":"unavailable","abs":"off","scs":"unavailable","brakeBoost":"unavailable","auxBrakes":"unavailable"},"size":{"width":0,"length":0}}}}},"dataType":"us.dot.its.jpo.asn.j2735.r2024.BasicSafetyMessage.BasicSafetyMessageMessageFrame"}}
BSM,1806,{"metadata":{"bsmSource":"RV","logFileName":"","recordType":"bsmTx","securityResultCode":"success","receivedMessageDetails":{"locationData":{"latitude":"","longitude":"","elevation":"","speed":"","heading":""},"rxSource":"RV"},"payloadType":"us.dot.its.jpo.ode.model.OdeMessageFramePayload","serialId":{"streamId":"","bundleSize":1,"bundleId":0,"recordId":0,"serialNumber":0},"odeReceivedAt":"@ISO_DATE_TIME@","schemaVersion":6,"maxDurationTime":0,"recordGeneratedAt":"","sanitized":false,"odePacketID":"","odeTimStartDateTime":"","originIp":"10.11.81.28"},"payload":{"data":{"messageId":20,"value":{"BasicSafetyMessage":{"coreData":{"msgCnt":84,"id":"@TEMP_ID@","secMark":"@MILLI_OF_MINUTE@","lat":396442642,"long":-1050816070,"elev":0,"accuracy":{"semiMajor":0,"semiMinor":0,"orientation":0},"transmission":"unavailable","speed":1150,"heading":14440,"angle":0,"accelSet":{"long":0,"lat":0,"vert":0,"yaw":0},"brakes":{"wheelBrakes":"80","traction":"unavailable","abs":"off","scs":"unavailable","brakeBoost":"unavailable","auxBrakes":"unavailable"},"size":{"width":0,"length":0}}}}},"dataType":"us.dot.its.jpo.asn.j2735.r2024.BasicSafetyMessage.BasicSafetyMessageMessageFrame"}}
BSM,1914,{"metadata":{"bsmSource":"RV","logFileName":"","recordType":"bsmTx","securityResultCode":"success","receivedMessageDetails":{"locationData":{"latitude":"","longitude":"","elevation":"","speed":"","heading":""},"rxSource":"RV"},"payloadType":"us.dot.its.jpo.ode.model.OdeMessageFramePayload","serialId":{"streamId":"","bundleSize":1,"bundleId":0,"recordId":0,"serialNumber":0},"odeReceivedAt":"@ISO_DATE_TIME@","schemaVersion":6,"maxDurationTime":0,"recordGeneratedAt":"","sanitized":false,"odePacketID":"","odeTimStartDateTime":"","originIp":"10.11.81.28"},"payload":{"data":{"messageId":20,"value":{"BasicSafetyMessage":{"coreData":{"msgCnt":85,"id":"@TEMP_ID@","secMark":"@MILLI_OF_MINUTE@","lat":396442437,"long":-1050816073,"elev":0,"accuracy":{"semiMajor":0,"semiMinor":0,"orientation":0},"transmission":"unavailable","speed":1150,"heading":14440,"angle":0,"accelSet":{"long":0,"lat":0,"vert":0,"yaw":0},"brakes":{"wheelBrakes":"80","traction":"unavailable","abs":"off","scs":"unavailable","brakeBoost":"unavailable","auxBrakes":"unavailable"},"size":{"width":0,"length":0}}}}},"dataType":"us.dot.its.jpo.asn.j2735.r2024.BasicSafetyMessage.BasicSafetyMessageMessageFrame"}}
BSM,2021,{"metadata":{"bsmSource":"RV","logFileName":"","recordType":"bsmTx","securityResultCode":"success","receivedMessageDetails":{"locationData":{"latitude":"","longitude":"","elevation":"","speed":"","heading":""},"rxSource":"RV"},"payloadType":"us.dot.its.jpo.ode.model.OdeMessageFramePayload","serialId":{"streamId":"","bundleSize":1,"bundleId":0,"recordId":0,"serialNumber":0},"odeReceivedAt":"@ISO_DATE_TIME@","schemaVersion":6,"maxDurationTime":0,"recordGeneratedAt":"","sanitized":false,"odePacketID":"","odeTimStartDateTime":"","originIp":"10.11.81.28"},"payload":{"data":{"messageId":20,"value":{"BasicSafetyMessage":{"coreData":{"msgCnt":87,"id":"@TEMP_ID@","secMark":"@MILLI_OF_MINUTE@","lat":396442015,"long":-1050816078,"elev":0,"accuracy":{"semiMajor":0,"semiMinor":0,"orientation":0},"transmission":"unavailable","speed":1156,"heading":14448,"angle":0,"accelSet":{"long":0,"lat":0,"vert":0,"yaw":0},"brakes":{"wheelBrakes":"80","traction":"unavailable","abs":"off","scs":"unavailable","brakeBoost":"unavailable","auxBrakes":"unavailable"},"size":{"width":0,"length":0}}}}},"dataType":"us.dot.its.jpo.asn.j2735.r2024.BasicSafetyMessage.BasicSafetyMessageMessageFrame"}}
BSM,2129,{"metadata":{"bsmSource":"RV","logFileName":"","recordType":"bsmTx","securityResultCode":"success","receivedMessageDetails":{"locationData":{"latitude":"","longitude":"","elevation":"","speed":"","heading":""},"rxSource":"RV"},"payloadType":"us.dot.its.jpo.ode.model.OdeMessageFramePayload","serialId":{"streamId":"","bundleSize":1,"bundleId":0,"recordId":0,"serialNumber":0},"odeReceivedAt":"@ISO_DATE_TIME@","schemaVersion":6,"maxDurationTime":0,"recordGeneratedAt":"","sanitized":false,"odePacketID":"","odeTimStartDateTime":"","originIp":"10.11.81.28"},"payload":{"data":{"messageId":20,"value":{"BasicSafetyMessage":{"coreData":{"msgCnt":91,"id":"@TEMP_ID@","secMark":"@MILLI_OF_MINUTE@","lat":396441182,"long":-1050816089,"elev":0,"accuracy":{"semiMajor":0,"semiMinor":0,"orientation":0},"transmission":"unavailable","speed":1161,"heading":14448,"angle":0,"accelSet":{"long":0,"lat":0,"vert":0,"yaw":0},"brakes":{"wheelBrakes":"80","traction":"unavailable","abs":"off","scs":"unavailable","brakeBoost":"unavailable","auxBrakes":"unavailable"},"size":{"width":0,"length":0}}}}},"dataType":"us.dot.its.jpo.asn.j2735.r2024.BasicSafetyMessage.BasicSafetyMessageMessageFrame"}}
BSM,2237,{"metadata":{"bsmSource":"RV","logFileName":"","recordType":"bsmTx","securityResultCode":"success","receivedMessageDetails":{"locationData":{"latitude":"","longitude":"","elevation":"","speed":"","heading":""},"rxSource":"RV"},"payloadType":"us.dot.its.jpo.ode.model.OdeMessageFramePayload","serialId":{"streamId":"","bundleSize":1,"bundleId":0,"recordId":0,"serialNumber":0},"odeReceivedAt":"@ISO_DATE_TIME@","schemaVersion":6,"maxDurationTime":0,"recordGeneratedAt":"","sanitized":false,"odePacketID":"","odeTimStartDateTime":"","originIp":"10.11.81.28"},"payload":{"data":{"messageId":20,"value":{"BasicSafetyMessage":{"coreData":{"msgCnt":92,"id":"@TEMP_ID@","secMark":"@MILLI_OF_MINUTE@","lat":396441182,"long":-1050816089,"elev":0,"accuracy":{"semiMajor":0,"semiMinor":0,"orientation":0},"transmission":"unavailable","speed":1161,"heading":14448,"angle":0,"accelSet":{"long":0,"lat":0,"vert":0,"yaw":0},"brakes":{"wheelBrakes":"80","traction":"unavailable","abs":"off","scs":"unavailable","brakeBoost":"unavailable","auxBrakes":"unavailable"},"size":{"width":0,"length":0}}}}},"dataType":"us.dot.its.jpo.asn.j2735.r2024.BasicSafetyMessage.BasicSafetyMessageMessageFrame"}}
BSM,2344,{"metadata":{"bsmSource":"RV","logFileName":"","recordType":"bsmTx","securityResultCode":"success","receivedMessageDetails":{"locationData":{"latitude":"","longitude":"","elevation":"","speed":"","heading":""},"rxSource":"RV"},"payloadType":"us.dot.its.jpo.ode.model.OdeMessageFramePayload","serialId":{"streamId":"","bundleSize":1,"bundleId":0,"recordId":0,"serialNumber":0},"odeReceivedAt":"@ISO_DATE_TIME@","schemaVersion":6,"maxDurationTime":0,"recordGeneratedAt":"","sanitized":false,"odePacketID":"","odeTimStartDateTime":"","originIp":"10.11.81.28"},"payload":{"data":{"messageId":20,"value":{"BasicSafetyMessage":{"coreData":{"msgCnt":93,"id":"@TEMP_ID@","secMark":"@MILLI_OF_MINUTE@","lat":396440973,"long":-1050816090,"elev":0,"accuracy":{"semiMajor":0,"semiMinor":0,"orientation":0},"transmission":"unavailable","speed":1161,"heading":14432,"angle":0,"accelSet":{"long":0,"lat":0,"vert":0,"yaw":0},"brakes":{"wheelBrakes":"80","traction":"unavailable","abs":"off","scs":"unavailable","brakeBoost":"unavailable","auxBrakes":"unavailable"},"size":{"width":0,"length":0}}}}},"dataType":"us.dot.its.jpo.asn.j2735.r2024.BasicSafetyMessage.BasicSafetyMessageMessageFrame"}}
BSM,2451,{"metadata":{"bsmSource":"RV","logFileName":"","recordType":"bsmTx","securityResultCode":"success","receivedMessageDetails":{"locationData":{"latitude":"","longitude":"","elevation":"","speed":"","heading":""},"rxSource":"RV"},"payloadType":"us.dot.its.jpo.ode.model.OdeMessageFramePayload","serialId":{"streamId":"","bundleSize":1,"bundleId":0,"recordId":0,"serialNumber":0},"odeReceivedAt":"@ISO_DATE_TIME@","schemaVersion":6,"maxDurationTime":0,"recordGeneratedAt":"","sanitized":false,"odePacketID":"","odeTimStartDateTime":"","originIp":"10.11.81.28"},"payload":{"data":{"messageId":20,"value":{"BasicSafetyMessage":{"coreData":{"msgCnt":94,"id":"@TEMP_ID@","secMark":"@MILLI_OF_MINUTE@","lat":396440768,"long":-1050816092,"elev":0,"accuracy":{"semiMajor":0,"semiMinor":0,"orientation":0},"transmission":"unavailable","speed":1158,"heading":14440,"angle":0,"accelSet":{"long":0,"lat":0,"vert":0,"yaw":0},"brakes":{"wheelBrakes":"80","traction":"unavailable","abs":"off","scs":"unavailable","brakeBoost":"unavailable","auxBrakes":"unavailable"},"size":{"width":0,"length":0}}}}},"dataType":"us.dot.its.jpo.asn.j2735.r2024.BasicSafetyMessage.BasicSafetyMessageMessageFrame"}}
BSM,2558,{"metadata":{"bsmSource":"RV","logFileName":"","recordType":"bsmTx","securityResultCode":"success","receivedMessageDetails":{"locationData":{"latitude":"","longitude":"","elevation":"","speed":"","heading":""},"rxSource":"RV"},"payloadType":"us.dot.its.jpo.ode.model.OdeMessageFramePayload","serialId":{"streamId":"","bundleSize":1,"bundleId":0,"recordId":0,"serialNumber":0},"odeReceivedAt":"@ISO_DATE_TIME@","schemaVersion":6,"maxDurationTime":0,"recordGeneratedAt":"","sanitized":false,"odePacketID":"","odeTimStartDateTime":"","originIp":"10.11.81.28"},"payload":{"data":{"messageId":20,"value":{"BasicSafetyMessage":{"coreData":{"msgCnt":95,"id":"@TEMP_ID@","secMark":"@MILLI_OF_MINUTE@","lat":396440555,"long":-1050816094,"elev":0,"accuracy":{"semiMajor":0,"semiMinor":0,"orientation":0},"transmission":"unavailable","speed":1163,"heading":14432,"angle":0,"accelSet":{"long":0,"lat":0,"vert":0,"yaw":0},"brakes":{"wheelBrakes":"80","traction":"unavailable","abs":"off","scs":"unavailable","brakeBoost":"unavailable","auxBrakes":"unavailable"},"size":{"width":0,"length":0}}}}},"dataType":"us.dot.its.jpo.asn.j2735.r2024.BasicSafetyMessage.BasicSafetyMessageMessageFrame"}}
BSM,2665,{"metadata":{"bsmSource":"RV","logFileName":"","recordType":"bsmTx","securityResultCode":"success","receivedMessageDetails":{"locationData":{"latitude":"","longitude":"","elevation":"","speed":"","heading":""},"rxSource":"RV"},"payloadType":"us.dot.its.jpo.ode.model.OdeMessageFramePayload","serialId":{"streamId":"","bundleSize":1,"bundleId":0,"recordId":0,"serialNumber":0},"odeReceivedAt":"@ISO_DATE_TIME@","schemaVersion":6,"maxDurationTime":0,"recordGeneratedAt":"","sanitized":false,"odePacketID":"","odeTimStartDateTime":"","originIp":"10.11.81.28"},"payload":{"data":{"messageId":20,"value":{"BasicSafetyMessage":{"coreData":{"msgCnt":96,"id":"@TEMP_ID@","secMark":"@MILLI_OF_MINUTE@","lat":396440348,"long":-1050816097,"elev":0,"accuracy":{"semiMajor":0,"semiMinor":0,"orientation":0},"transmission":"unavailable","speed":1164,"heading":14448,"angle":0,"accelSet":{"long":0,"lat":0,"vert":0,"yaw":0},"brakes":{"wheelBrakes":"80","traction":"unavailable","abs":"off","scs":"unavailable","brakeBoost":"unavailable","auxBrakes":"unavailable"},"size":{"width":0,"length":0}}}}},"dataType":"us.dot.its.jpo.asn.j2735.r2024.BasicSafetyMessage.BasicSafetyMessageMessageFrame"}}
BSM,2774,{"metadata":{"bsmSource":"RV","logFileName":"","recordType":"bsmTx","securityResultCode":"success","receivedMessageDetails":{"locationData":{"latitude":"","longitude":"","elevation":"","speed":"","heading":""},"rxSource":"RV"},"payloadType":"us.dot.its.jpo.ode.model.OdeMessageFramePayload","serialId":{"streamId":"","bundleSize":1,"bundleId":0,"recordId":0,"serialNumber":0},"odeReceivedAt":"@ISO_DATE_TIME@","schemaVersion":6,"maxDurationTime":0,"recordGeneratedAt":"","sanitized":false,"odePacketID":"","odeTimStartDateTime":"","originIp":"10.11.81.28"},"payload":{"data":{"messageId":20,"value":{"BasicSafetyMessage":{"coreData":{"msgCnt":97,"id":"@TEMP_ID@","secMark":"@MILLI_OF_MINUTE@","lat":396440137,"long":-1050816099,"elev":0,"accuracy":{"semiMajor":0,"semiMinor":0,"orientation":0},"transmission":"unavailable","speed":1163,"heading":14440,"angle":0,"accelSet":{"long":0,"lat":0,"vert":0,"yaw":0},"brakes":{"wheelBrakes":"80","traction":"unavailable","abs":"off","scs":"unavailable","brakeBoost":"unavailable","auxBrakes":"unavailable"},"size":{"width":0,"length":0}}}}},"dataType":"us.dot.its.jpo.asn.j2735.r2024.BasicSafetyMessage.BasicSafetyMessageMessageFrame"}}
BSM,2883,{"metadata":{"bsmSource":"RV","logFileName":"","recordType":"bsmTx","securityResultCode":"success","receivedMessageDetails":{"locationData":{"latitude":"","longitude":"","elevation":"","speed":"","heading":""},"rxSource":"RV"},"payloadType":"us.dot.its.jpo.ode.model.OdeMessageFramePayload","serialId":{"streamId":"","bundleSize":1,"bundleId":0,"recordId":0,"serialNumber":0},"odeReceivedAt":"@ISO_DATE_TIME@","schemaVersion":6,"maxDurationTime":0,"recordGeneratedAt":"","sanitized":false,"odePacketID":"","odeTimStartDateTime":"","originIp":"10.11.81.28"},"payload":{"data":{"messageId":20,"value":{"BasicSafetyMessage":{"coreData":{"msgCnt":100,"id":"@TEMP_ID@","secMark":"@MILLI_OF_MINUTE@","lat":396439507,"long":-1050816106,"elev":0,"accuracy":{"semiMajor":0,"semiMinor":0,"orientation":0},"transmission":"unavailable","speed":1169,"heading":14448,"angle":0,"accelSet":{"long":0,"lat":0,"vert":0,"yaw":0},"brakes":{"wheelBrakes":"80","traction":"unavailable","abs":"off","scs":"unavailable","brakeBoost":"unavailable","auxBrakes":"unavailable"},"size":{"width":0,"length":0}}}}},"dataType":"us.dot.its.jpo.asn.j2735.r2024.BasicSafetyMessage.BasicSafetyMessageMessageFrame"}}
BSM,2988,{"metadata":{"bsmSource":"RV","logFileName":"","recordType":"bsmTx","securityResultCode":"success","receivedMessageDetails":{"locationData":{"latitude":"","longitude":"","elevation":"","speed":"","heading":""},"rxSource":"RV"},"payloadType":"us.dot.its.jpo.ode.model.OdeMessageFramePayload","serialId":{"streamId":"","bundleSize":1,"bundleId":0,"recordId":0,"serialNumber":0},"odeReceivedAt":"@ISO_DATE_TIME@","schemaVersion":6,"maxDurationTime":0,"recordGeneratedAt":"","sanitized":false,"odePacketID":"","odeTimStartDateTime":"","originIp":"10.11.81.28"},"payload":{"data":{"messageId":20,"value":{"BasicSafetyMessage":{"coreData":{"msgCnt":101,"id":"@TEMP_ID@","secMark":"@MILLI_OF_MINUTE@","lat":396439507,"long":-1050816106,"elev":0,"accuracy":{"semiMajor":0,"semiMinor":0,"orientation":0},"transmission":"unavailable","speed":1169,"heading":14448,"angle":0,"accelSet":{"long":0,"lat":0,"vert":0,"yaw":0},"brakes":{"wheelBrakes":"80","traction":"unavailable","abs":"off","scs":"unavailable","brakeBoost":"unavailable","auxBrakes":"unavailable"},"size":{"width":0,"length":0}}}}},"dataType":"us.dot.its.jpo.asn.j2735.r2024.BasicSafetyMessage.BasicSafetyMessageMessageFrame"}}
BSM,3096,{"metadata":{"bsmSource":"RV","logFileName":"","recordType":"bsmTx","securityResultCode":"success","receivedMessageDetails":{"locationData":{"latitude":"","longitude":"","elevation":"","speed":"","heading":""},"rxSource":"RV"},"payloadType":"us.dot.its.jpo.ode.model.OdeMessageFramePayload","serialId":{"streamId":"","bundleSize":1,"bundleId":0,"recordId":0,"serialNumber":0},"odeReceivedAt":"@ISO_DATE_TIME@","schemaVersion":6,"maxDurationTime":0,"recordGeneratedAt":"","sanitized":false,"odePacketID":"","odeTimStartDateTime":"","originIp":"10.11.81.28"},"payload":{"data":{"messageId":20,"value":{"BasicSafetyMessage":{"coreData":{"msgCnt":103,"id":"@TEMP_ID@","secMark":"@MILLI_OF_MINUTE@","lat":396439085,"long":-1050816109,"elev":0,"accuracy":{"semiMajor":0,"semiMinor":0,"orientation":0},"transmission":"unavailable","speed":1173,"heading":14432,"angle":0,"accelSet":{"long":0,"lat":0,"vert":0,"yaw":0},"brakes":{"wheelBrakes":"80","traction":"unavailable","abs":"off","scs":"unavailable","brakeBoost":"unavailable","auxBrakes":"unavailable"},"size":{"width":0,"length":0}}}}},"dataType":"us.dot.its.jpo.asn.j2735.r2024.BasicSafetyMessage.BasicSafetyMessageMessageFrame"}}
BSM,3202,{"metadata":{"bsmSource":"RV","logFileName":"","recordType":"bsmTx","securityResultCode":"success","receivedMessageDetails":{"locationData":{"latitude":"","longitude":"","elevation":"","speed":"","heading":""},"rxSource":"RV"},"payloadType":"us.dot.its.jpo.ode.model.OdeMessageFramePayload","serialId":{"streamId":"","bundleSize":1,"bundleId":0,"recordId":0,"serialNumber":0},"odeReceivedAt":"@ISO_DATE_TIME@","schemaVersion":6,"maxDurationTime":0,"recordGeneratedAt":"","sanitized":false,"odePacketID":"","odeTimStartDateTime":"","originIp":"10.11.81.28"},"payload":{"data":{"messageId":20,"value":{"BasicSafetyMessage":{"coreData":{"msgCnt":104,"id":"@TEMP_ID@","secMark":"@MILLI_OF_MINUTE@","lat":396438872,"long":-1050816112,"elev":0,"accuracy":{"semiMajor":0,"semiMinor":0,"orientation":0},"transmission":"unavailable","speed":1173,"heading":14440,"angle":0,"accelSet":{"long":0,"lat":0,"vert":0,"yaw":0},"brakes":{"wheelBrakes":"80","traction":"unavailable","abs":"off","scs":"unavailable","brakeBoost":"unavailable","auxBrakes":"unavailable"},"size":{"width":0,"length":0}}}}},"dataType":"us.dot.its.jpo.asn.j2735.r2024.BasicSafetyMessage.BasicSafetyMessageMessageFrame"}}
BSM,3310,{"metadata":{"bsmSource":"RV","logFileName":"","recordType":"bsmTx","securityResultCode":"success","receivedMessageDetails":{"locationData":{"latitude":"","longitude":"","elevation":"","speed":"","heading":""},"rxSource":"RV"},"payloadType":"us.dot.its.jpo.ode.model.OdeMessageFramePayload","serialId":{"streamId":"","bundleSize":1,"bundleId":0,"recordId":0,"serialNumber":0},"odeReceivedAt":"@ISO_DATE_TIME@","schemaVersion":6,"maxDurationTime":0,"recordGeneratedAt":"","sanitized":false,"odePacketID":"","odeTimStartDateTime":"","originIp":"10.11.81.28"},"payload":{"data":{"messageId":20,"value":{"BasicSafetyMessage":{"coreData":{"msgCnt":107,"id":"@TEMP_ID@","secMark":"@MILLI_OF_MINUTE@","lat":396438241,"long":-1050816118,"elev":0,"accuracy":{"semiMajor":0,"semiMinor":0,"orientation":0},"transmission":"unavailable","speed":1172,"heading":14448,"angle":0,"accelSet":{"long":0,"lat":0,"vert":0,"yaw":0},"brakes":{"wheelBrakes":"80","traction":"unavailable","abs":"off","scs":"unavailable","brakeBoost":"unavailable","auxBrakes":"unavailable"},"size":{"width":0,"length":0}}}}},"dataType":"us.dot.its.jpo.asn.j2735.r2024.BasicSafetyMessage.BasicSafetyMessageMessageFrame"}}
BSM,3416,{"metadata":{"bsmSource":"RV","logFileName":"","recordType":"bsmTx","securityResultCode":"success","receivedMessageDetails":{"locationData":{"latitude":"","longitude":"","elevation":"","speed":"","heading":""},"rxSource":"RV"},"payloadType":"us.dot.its.jpo.ode.model.OdeMessageFramePayload","serialId":{"streamId":"","bundleSize":1,"bundleId":0,"recordId":0,"serialNumber":0},"odeReceivedAt":"@ISO_DATE_TIME@","schemaVersion":6,"maxDurationTime":0,"recordGeneratedAt":"","sanitized":false,"odePacketID":"","odeTimStartDateTime":"","originIp":"10.11.81.28"},"payload":{"data":{"messageId":20,"value":{"BasicSafetyMessage":{"coreData":{"msgCnt":109,"id":"@TEMP_ID@","secMark":"@MILLI_OF_MINUTE@","lat":396437814,"long":-1050816123,"elev":0,"accuracy":{"semiMajor":0,"semiMinor":0,"orientation":0},"transmission":"unavailable","speed":1173,"heading":14440,"angle":0,"accelSet":{"long":0,"lat":0,"vert":0,"yaw":0},"brakes":{"wheelBrakes":"80","traction":"unavailable","abs":"off","scs":"unavailable","brakeBoost":"unavailable","auxBrakes":"unavailable"},"size":{"width":0,"length":0}}}}},"dataType":"us.dot.its.jpo.asn.j2735.r2024.BasicSafetyMessage.BasicSafetyMessageMessageFrame"}}
BSM,3523,{"metadata":{"bsmSource":"RV","logFileName":"","recordType":"bsmTx","securityResultCode":"success","receivedMessageDetails":{"locationData":{"latitude":"","longitude":"","elevation":"","speed":"","heading":""},"rxSource":"RV"},"payloadType":"us.dot.its.jpo.ode.model.OdeMessageFramePayload","serialId":{"streamId":"","bundleSize":1,"bundleId":0,"recordId":0,"serialNumber":0},"odeReceivedAt":"@ISO_DATE_TIME@","schemaVersion":6,"maxDurationTime":0,"recordGeneratedAt":"","sanitized":false,"odePacketID":"","odeTimStartDateTime":"","originIp":"10.11.81.28"},"payload":{"data":{"messageId":20,"value":{"BasicSafetyMessage":{"coreData":{"msgCnt":111,"id":"@TEMP_ID@","secMark":"@MILLI_OF_MINUTE@","lat":396437608,"long":-1050816123,"elev":0,"accuracy":{"semiMajor":0,"semiMinor":0,"orientation":0},"transmission":"unavailable","speed":1170,"heading":14424,"angle":0,"accelSet":{"long":0,"lat":0,"vert":0,"yaw":0},"brakes":{"wheelBrakes":"80","traction":"unavailable","abs":"off","scs":"unavailable","brakeBoost":"unavailable","auxBrakes":"unavailable"},"size":{"width":0,"length":0}}}}},"dataType":"us.dot.its.jpo.asn.j2735.r2024.BasicSafetyMessage.BasicSafetyMessageMessageFrame"}}
BSM,3631,{"metadata":{"bsmSource":"RV","logFileName":"","recordType":"bsmTx","securityResultCode":"success","receivedMessageDetails":{"locationData":{"latitude":"","longitude":"","elevation":"","speed":"","heading":""},"rxSource":"RV"},"payloadType":"us.dot.its.jpo.ode.model.OdeMessageFramePayload","serialId":{"streamId":"","bundleSize":1,"bundleId":0,"recordId":0,"serialNumber":0},"odeReceivedAt":"@ISO_DATE_TIME@","schemaVersion":6,"maxDurationTime":0,"recordGeneratedAt":"","sanitized":false,"odePacketID":"","odeTimStartDateTime":"","originIp":"10.11.81.28"},"payload":{"data":{"messageId":20,"value":{"BasicSafetyMessage":{"coreData":{"msgCnt":112,"id":"@TEMP_ID@","secMark":"@MILLI_OF_MINUTE@","lat":396437395,"long":-1050816125,"elev":0,"accuracy":{"semiMajor":0,"semiMinor":0,"orientation":0},"transmission":"unavailable","speed":1172,"heading":14432,"angle":0,"accelSet":{"long":0,"lat":0,"vert":0,"yaw":0},"brakes":{"wheelBrakes":"80","traction":"unavailable","abs":"off","scs":"unavailable","brakeBoost":"unavailable","auxBrakes":"unavailable"},"size":{"width":0,"length":0}}}}},"dataType":"us.dot.its.jpo.asn.j2735.r2024.BasicSafetyMessage.BasicSafetyMessageMessageFrame"}}
BSM,3738,{"metadata":{"bsmSource":"RV","logFileName":"","recordType":"bsmTx","securityResultCode":"success","receivedMessageDetails":{"locationData":{"latitude":"","longitude":"","elevation":"","speed":"","heading":""},"rxSource":"RV"},"payloadType":"us.dot.its.jpo.ode.model.OdeMessageFramePayload","serialId":{"streamId":"","bundleSize":1,"bundleId":0,"recordId":0,"serialNumber":0},"odeReceivedAt":"@ISO_DATE_TIME@","schemaVersion":6,"maxDurationTime":0,"recordGeneratedAt":"","sanitized":false,"odePacketID":"","odeTimStartDateTime":"","originIp":"10.11.81.28"},"payload":{"data":{"messageId":20,"value":{"BasicSafetyMessage":{"coreData":{"msgCnt":113,"id":"@TEMP_ID@","secMark":"@MILLI_OF_MINUTE@","lat":396437186,"long":-1050816128,"elev":0,"accuracy":{"semiMajor":0,"semiMinor":0,"orientation":0},"transmission":"unavailable","speed":1170,"heading":14432,"angle":0,"accelSet":{"long":0,"lat":0,"vert":0,"yaw":0},"brakes":{"wheelBrakes":"80","traction":"unavailable","abs":"off","scs":"unavailable","brakeBoost":"unavailable","auxBrakes":"unavailable"},"size":{"width":0,"length":0}}}}},"dataType":"us.dot.its.jpo.asn.j2735.r2024.BasicSafetyMessage.BasicSafetyMessageMessageFrame"}}
BSM,3847,{"metadata":{"bsmSource":"RV","logFileName":"","recordType":"bsmTx","securityResultCode":"success","receivedMessageDetails":{"locationData":{"latitude":"","longitude":"","elevation":"","speed":"","heading":""},"rxSource":"RV"},"payloadType":"us.dot.its.jpo.ode.model.OdeMessageFramePayload","serialId":{"streamId":"","bundleSize":1,"bundleId":0,"recordId":0,"serialNumber":0},"odeReceivedAt":"@ISO_DATE_TIME@","schemaVersion":6,"maxDurationTime":0,"recordGeneratedAt":"","sanitized":false,"odePacketID":"","odeTimStartDateTime":"","originIp":"10.11.81.28"},"payload":{"data":{"messageId":20,"value":{"BasicSafetyMessage":{"coreData":{"msgCnt":114,"id":"@TEMP_ID@","secMark":"@MILLI_OF_MINUTE@","lat":396436973,"long":-1050816130,"elev":0,"accuracy":{"semiMajor":0,"semiMinor":0,"orientation":0},"transmission":"unavailable","speed":1173,"heading":14432,"angle":0,"accelSet":{"long":0,"lat":0,"vert":0,"yaw":0},"brakes":{"wheelBrakes":"80","traction":"unavailable","abs":"off","scs":"unavailable","brakeBoost":"unavailable","auxBrakes":"unavailable"},"size":{"width":0,"length":0}}}}},"dataType":"us.dot.its.jpo.asn.j2735.r2024.BasicSafetyMessage.BasicSafetyMessageMessageFrame"}}
BSM,3954,{"metadata":{"bsmSource":"RV","logFileName":"","recordType":"bsmTx","securityResultCode":"success","receivedMessageDetails":{"locationData":{"latitude":"","longitude":"","elevation":"","speed":"","heading":""},"rxSource":"RV"},"payloadType":"us.dot.its.jpo.ode.model.OdeMessageFramePayload","serialId":{"streamId":"","bundleSize":1,"bundleId":0,"recordId":0,"serialNumber":0},"odeReceivedAt":"@ISO_DATE_TIME@","schemaVersion":6,"maxDurationTime":0,"recordGeneratedAt":"","sanitized":false,"odePacketID":"","odeTimStartDateTime":"","originIp":"10.11.81.28"},"payload":{"data":{"messageId":20,"value":{"BasicSafetyMessage":{"coreData":{"msgCnt":116,"id":"@TEMP_ID@","secMark":"@MILLI_OF_MINUTE@","lat":396436554,"long":-1050816133,"elev":0,"accuracy":{"semiMajor":0,"semiMinor":0,"orientation":0},"transmission":"unavailable","speed":1172,"heading":14432,"angle":0,"accelSet":{"long":0,"lat":0,"vert":0,"yaw":0},"brakes":{"wheelBrakes":"80","traction":"unavailable","abs":"off","scs":"unavailable","brakeBoost":"unavailable","auxBrakes":"unavailable"},"size":{"width":0,"length":0}}}}},"dataType":"us.dot.its.jpo.asn.j2735.r2024.BasicSafetyMessage.BasicSafetyMessageMessageFrame"}}
BSM,4061,{"metadata":{"bsmSource":"RV","logFileName":"","recordType":"bsmTx","securityResultCode":"success","receivedMessageDetails":{"locationData":{"latitude":"","longitude":"","elevation":"","speed":"","heading":""},"rxSource":"RV"},"payloadType":"us.dot.its.jpo.ode.model.OdeMessageFramePayload","serialId":{"streamId":"","bundleSize":1,"bundleId":0,"recordId":0,"serialNumber":0},"odeReceivedAt":"@ISO_DATE_TIME@","schemaVersion":6,"maxDurationTime":0,"recordGeneratedAt":"","sanitized":false,"odePacketID":"","odeTimStartDateTime":"","originIp":"10.11.81.28"},"payload":{"data":{"messageId":20,"value":{"BasicSafetyMessage":{"coreData":{"msgCnt":117,"id":"@TEMP_ID@","secMark":"@MILLI_OF_MINUTE@","lat":396436342,"long":-1050816136,"elev":0,"accuracy":{"semiMajor":0,"semiMinor":0,"orientation":0},"transmission":"unavailable","speed":1174,"heading":14440,"angle":0,"accelSet":{"long":0,"lat":0,"vert":0,"yaw":0},"brakes":{"wheelBrakes":"80","traction":"unavailable","abs":"off","scs":"unavailable","brakeBoost":"unavailable","auxBrakes":"unavailable"},"size":{"width":0,"length":0}}}}},"dataType":"us.dot.its.jpo.asn.j2735.r2024.BasicSafetyMessage.BasicSafetyMessageMessageFrame"}}
BSM,4170,{"metadata":{"bsmSource":"RV","logFileName":"","recordType":"bsmTx","securityResultCode":"success","receivedMessageDetails":{"locationData":{"latitude":"","longitude":"","elevation":"","speed":"","heading":""},"rxSource":"RV"},"payloadType":"us.dot.its.jpo.ode.model.OdeMessageFramePayload","serialId":{"streamId":"","bundleSize":1,"bundleId":0,"recordId":0,"serialNumber":0},"odeReceivedAt":"@ISO_DATE_TIME@","schemaVersion":6,"maxDurationTime":0,"recordGeneratedAt":"","sanitized":false,"odePacketID":"","odeTimStartDateTime":"","originIp":"10.11.81.28"},"payload":{"data":{"messageId":20,"value":{"BasicSafetyMessage":{"coreData":{"msgCnt":118,"id":"@TEMP_ID@","secMark":"@MILLI_OF_MINUTE@","lat":396436130,"long":-1050816137,"elev":0,"accuracy":{"semiMajor":0,"semiMinor":0,"orientation":0},"transmission":"unavailable","speed":1177,"heading":14424,"angle":0,"accelSet":{"long":0,"lat":0,"vert":0,"yaw":0},"brakes":{"wheelBrakes":"80","traction":"unavailable","abs":"off","scs":"unavailable","brakeBoost":"unavailable","auxBrakes":"unavailable"},"size":{"width":0,"length":0}}}}},"dataType":"us.dot.its.jpo.asn.j2735.r2024.BasicSafetyMessage.BasicSafetyMessageMessageFrame"}}
BSM,4278,{"metadata":{"bsmSource":"RV","logFileName":"","recordType":"bsmTx","securityResultCode":"success","receivedMessageDetails":{"locationData":{"latitude":"","longitude":"","elevation":"","speed":"","heading":""},"rxSource":"RV"},"payloadType":"us.dot.its.jpo.ode.model.OdeMessageFramePayload","serialId":{"streamId":"","bundleSize":1,"bundleId":0,"recordId":0,"serialNumber":0},"odeReceivedAt":"@ISO_DATE_TIME@","schemaVersion":6,"maxDurationTime":0,"recordGeneratedAt":"","sanitized":false,"odePacketID":"","odeTimStartDateTime":"","originIp":"10.11.81.28"},"payload":{"data":{"messageId":20,"value":{"BasicSafetyMessage":{"coreData":{"msgCnt":119,"id":"@TEMP_ID@","secMark":"@MILLI_OF_MINUTE@","lat":396435916,"long":-1050816139,"elev":0,"accuracy":{"semiMajor":0,"semiMinor":0,"orientation":0},"transmission":"unavailable","speed":1176,"heading":14432,"angle":0,"accelSet":{"long":0,"lat":0,"vert":0,"yaw":0},"brakes":{"wheelBrakes":"80","traction":"unavailable","abs":"off","scs":"unavailable","brakeBoost":"unavailable","auxBrakes":"unavailable"},"size":{"width":0,"length":0}}}}},"dataType":"us.dot.its.jpo.asn.j2735.r2024.BasicSafetyMessage.BasicSafetyMessageMessageFrame"}}
BSM,4385,{"metadata":{"bsmSource":"RV","logFileName":"","recordType":"bsmTx","securityResultCode":"success","receivedMessageDetails":{"locationData":{"latitude":"","longitude":"","elevation":"","speed":"","heading":""},"rxSource":"RV"},"payloadType":"us.dot.its.jpo.ode.model.OdeMessageFramePayload","serialId":{"streamId":"","bundleSize":1,"bundleId":0,"recordId":0,"serialNumber":0},"odeReceivedAt":"@ISO_DATE_TIME@","schemaVersion":6,"maxDurationTime":0,"recordGeneratedAt":"","sanitized":false,"odePacketID":"","odeTimStartDateTime":"","originIp":"10.11.81.28"},"payload":{"data":{"messageId":20,"value":{"BasicSafetyMessage":{"coreData":{"msgCnt":120,"id":"@TEMP_ID@","secMark":"@MILLI_OF_MINUTE@","lat":396435705,"long":-1050816141,"elev":0,"accuracy":{"semiMajor":0,"semiMinor":0,"orientation":0},"transmission":"unavailable","speed":1175,"heading":14432,"angle":0,"accelSet":{"long":0,"lat":0,"vert":0,"yaw":0},"brakes":{"wheelBrakes":"80","traction":"unavailable","abs":"off","scs":"unavailable","brakeBoost":"unavailable","auxBrakes":"unavailable"},"size":{"width":0,"length":0}}}}},"dataType":"us.dot.its.jpo.asn.j2735.r2024.BasicSafetyMessage.BasicSafetyMessageMessageFrame"}}
BSM,4492,{"metadata":{"bsmSource":"RV","logFileName":"","recordType":"bsmTx","securityResultCode":"success","receivedMessageDetails":{"locationData":{"latitude":"","longitude":"","elevation":"","speed":"","heading":""},"rxSource":"RV"},"payloadType":"us.dot.its.jpo.ode.model.OdeMessageFramePayload","serialId":{"streamId":"","bundleSize":1,"bundleId":0,"recordId":0,"serialNumber":0},"odeReceivedAt":"@ISO_DATE_TIME@","schemaVersion":6,"maxDurationTime":0,"recordGeneratedAt":"","sanitized":false,"odePacketID":"","odeTimStartDateTime":"","originIp":"10.11.81.28"},"payload":{"data":{"messageId":20,"value":{"BasicSafetyMessage":{"coreData":{"msgCnt":122,"id":"@TEMP_ID@","secMark":"@MILLI_OF_MINUTE@","lat":396435491,"long":-1050816142,"elev":0,"accuracy":{"semiMajor":0,"semiMinor":0,"orientation":0},"transmission":"unavailable","speed":1179,"heading":14424,"angle":0,"accelSet":{"long":0,"lat":0,"vert":0,"yaw":0},"brakes":{"wheelBrakes":"80","traction":"unavailable","abs":"off","scs":"unavailable","brakeBoost":"unavailable","auxBrakes":"unavailable"},"size":{"width":0,"length":0}}}}},"dataType":"us.dot.its.jpo.asn.j2735.r2024.BasicSafetyMessage.BasicSafetyMessageMessageFrame"}}
BSM,4600,{"metadata":{"bsmSource":"RV","logFileName":"","recordType":"bsmTx","securityResultCode":"success","receivedMessageDetails":{"locationData":{"latitude":"","longitude":"","elevation":"","speed":"","heading":""},"rxSource":"RV"},"payloadType":"us.dot.its.jpo.ode.model.OdeMessageFramePayload","serialId":{"streamId":"","bundleSize":1,"bundleId":0,"recordId":0,"serialNumber":0},"odeReceivedAt":"@ISO_DATE_TIME@","schemaVersion":6,"maxDurationTime":0,"recordGeneratedAt":"","sanitized":false,"odePacketID":"","odeTimStartDateTime":"","originIp":"10.11.81.28"},"payload":{"data":{"messageId":20,"value":{"BasicSafetyMessage":{"coreData":{"msgCnt":123,"id":"@TEMP_ID@","secMark":"@MILLI_OF_MINUTE@","lat":396435280,"long":-1050816143,"elev":0,"accuracy":{"semiMajor":0,"semiMinor":0,"orientation":0},"transmission":"unavailable","speed":1181,"heading":14424,"angle":0,"accelSet":{"long":0,"lat":0,"vert":0,"yaw":0},"brakes":{"wheelBrakes":"80","traction":"unavailable","abs":"off","scs":"unavailable","brakeBoost":"unavailable","auxBrakes":"unavailable"},"size":{"width":0,"length":0}}}}},"dataType":"us.dot.its.jpo.asn.j2735.r2024.BasicSafetyMessage.BasicSafetyMessageMessageFrame"}}
BSM,4706,{"metadata":{"bsmSource":"RV","logFileName":"","recordType":"bsmTx","securityResultCode":"success","receivedMessageDetails":{"locationData":{"latitude":"","longitude":"","elevation":"","speed":"","heading":""},"rxSource":"RV"},"payloadType":"us.dot.its.jpo.ode.model.OdeMessageFramePayload","serialId":{"streamId":"","bundleSize":1,"bundleId":0,"recordId":0,"serialNumber":0},"odeReceivedAt":"@ISO_DATE_TIME@","schemaVersion":6,"maxDurationTime":0,"recordGeneratedAt":"","sanitized":false,"odePacketID":"","odeTimStartDateTime":"","originIp":"10.11.81.28"},"payload":{"data":{"messageId":20,"value":{"BasicSafetyMessage":{"coreData":{"msgCnt":125,"id":"@TEMP_ID@","secMark":"@MILLI_OF_MINUTE@","lat":396434853,"long":-1050816145,"elev":0,"accuracy":{"semiMajor":0,"semiMinor":0,"orientation":0},"transmission":"unavailable","speed":1182,"heading":14416,"angle":0,"accelSet":{"long":0,"lat":0,"vert":0,"yaw":0},"brakes":{"wheelBrakes":"80","traction":"unavailable","abs":"off","scs":"unavailable","brakeBoost":"unavailable","auxBrakes":"unavailable"},"size":{"width":0,"length":0}}}}},"dataType":"us.dot.its.jpo.asn.j2735.r2024.BasicSafetyMessage.BasicSafetyMessageMessageFrame"}}
